<?xml version="1.0" encoding="UTF-8"?>
<project version="4">
  <component name="CMakeRunConfigurationManager" shouldGenerate="true" assignedExecutableTargets="true" buildAllGenerated="true">
    <generated>
      <config projectName="exiv2" targetName="iptctest" />
      <config projectName="exiv2" targetName="write2-test" />
      <config projectName="exiv2" targetName="convert-test" />
      <config projectName="exiv2" targetName="doc" />
      <config projectName="exiv2" targetName="exifcomment" />
      <config projectName="exiv2" targetName="largeiptc-test" />
      <config projectName="exiv2" targetName="iotest" />
      <config projectName="exiv2" targetName="remotetest" />
      <config projectName="exiv2" targetName="stringto-test" />
      <config projectName="exiv2" targetName="exifprint" />
      <config projectName="exiv2" targetName="ini-test" />
      <config projectName="exiv2" targetName="exiv2json" />
      <config projectName="exiv2" targetName="iptceasy" />
      <config projectName="exiv2" targetName="exifdata" />
      <config projectName="exiv2" targetName="mmap-test" />
      <config projectName="exiv2" targetName="uninstall" />
      <config projectName="exiv2" targetName="prevtest" />
      <config projectName="exiv2" targetName="exiv2lib" />
      <config projectName="exiv2" targetName="easyaccess-test" />
      <config projectName="exiv2" targetName="exifvalue" />
      <config projectName="exiv2" targetName="write-test" />
      <config projectName="exiv2" targetName="xmpparse" />
      <config projectName="exiv2" targetName="iptcprint" />
      <config projectName="exiv2" targetName="xmpparser-test" />
      <config projectName="exiv2" targetName="addmoddel" />
      <config projectName="exiv2" targetName="testvw" />
      <config projectName="exiv2" targetName="tiff-test" />
      <config projectName="exiv2" targetName="werror-test" />
      <config projectName="exiv2" targetName="xmpsample" />
      <config projectName="exiv2" targetName="testv" />
      <config projectName="exiv2" targetName="conntest" />
      <config projectName="exiv2" targetName="testx" />
      <config projectName="exiv2" targetName="exiv2" />
      <config projectName="exiv2" targetName="pathtest" />
      <config projectName="exiv2" targetName="key-test" />
      <config projectName="exiv2" targetName="xmp" />
      <config projectName="exiv2" targetName="exifdata-test" />
      <config projectName="exiv2" targetName="tests" />
      <config projectName="exiv2" targetName="teste" />
      <config projectName="exiv2" targetName="geotag" />
      <config projectName="exiv2" targetName="taglist" />
      <config projectName="exiv2" targetName="metacopy" />
    </generated>
  </component>
  <component name="CMakeSettings" AUTO_RELOAD="false" GENERATION_PASS_SYSTEM_ENVIRONMENT="true">
    <ADDITIONAL_GENERATION_ENVIRONMENT>
      <envs />
    </ADDITIONAL_GENERATION_ENVIRONMENT>
  </component>
  <component name="ChangeListManager">
    <list default="true" id="2877902e-8cdd-4b5b-b735-13e43d4df391" name="Default" comment="">
      <change type="MODIFICATION" beforePath="$PROJECT_DIR$/contrib/xcode/exiv2.xcodeproj/project.pbxproj" afterPath="$PROJECT_DIR$/contrib/xcode/exiv2.xcodeproj/project.pbxproj" />
    </list>
    <ignored path="exiv2.iws" />
    <ignored path=".idea/workspace.xml" />
    <option name="EXCLUDED_CONVERTED_TO_IGNORED" value="true" />
    <option name="TRACKING_ENABLED" value="true" />
    <option name="SHOW_DIALOG" value="false" />
    <option name="HIGHLIGHT_CONFLICTS" value="true" />
    <option name="HIGHLIGHT_NON_ACTIVE_CHANGELIST" value="false" />
    <option name="LAST_RESOLUTION" value="IGNORE" />
  </component>
  <component name="CreatePatchCommitExecutor">
    <option name="PATCH_PATH" value="" />
  </component>
  <component name="ExecutionTargetManager" SELECTED_TARGET="default_target" />
  <component name="FavoritesManager">
    <favorites_list name="exiv2" />
  </component>
  <component name="FileEditorManager">
    <leaf SIDE_TABS_SIZE_LIMIT_KEY="300">
      <file leaf-file-name="CMakeLists.txt" pinned="false" current-in-tab="false">
        <entry file="file://$PROJECT_DIR$/CMakeLists.txt">
          <provider selected="true" editor-type-id="text-editor">
            <state relative-caret-position="120">
              <caret line="8" column="0" selection-start-line="8" selection-start-column="0" selection-end-line="8" selection-end-column="0" />
              <folding />
            </state>
          </provider>
        </entry>
      </file>
      <file leaf-file-name="actions.cpp" pinned="false" current-in-tab="false">
        <entry file="file://$PROJECT_DIR$/src/actions.cpp">
          <provider selected="true" editor-type-id="text-editor">
            <state relative-caret-position="-2445">
              <caret line="0" column="0" selection-start-line="0" selection-start-column="0" selection-end-line="0" selection-end-column="0" />
              <folding />
            </state>
          </provider>
        </entry>
      </file>
      <file leaf-file-name="webpimage.cpp" pinned="false" current-in-tab="false">
        <entry file="file://$PROJECT_DIR$/src/webpimage.cpp">
          <provider selected="true" editor-type-id="text-editor">
            <state relative-caret-position="-7279">
              <caret line="70" column="15" selection-start-line="70" selection-start-column="15" selection-end-line="70" selection-end-column="15" />
              <folding />
            </state>
          </provider>
        </entry>
      </file>
      <file leaf-file-name="utils.hpp" pinned="false" current-in-tab="false">
        <entry file="file://$PROJECT_DIR$/src/utils.hpp">
          <provider selected="true" editor-type-id="text-editor">
            <state relative-caret-position="116">
              <caret line="29" column="8" selection-start-line="29" selection-start-column="8" selection-end-line="29" selection-end-column="8" />
              <folding />
            </state>
          </provider>
        </entry>
      </file>
      <file leaf-file-name="exiv2.cpp" pinned="false" current-in-tab="true">
        <entry file="file://$PROJECT_DIR$/src/exiv2.cpp">
          <provider selected="true" editor-type-id="text-editor">
            <state relative-caret-position="107">
              <caret line="962" column="0" selection-start-line="962" selection-start-column="0" selection-end-line="962" selection-end-column="0" />
              <folding />
            </state>
          </provider>
        </entry>
      </file>
    </leaf>
  </component>
  <component name="IdeDocumentHistory">
    <option name="CHANGED_PATHS">
      <list>
        <option value="$PROJECT_DIR$/CMakeLists.txt" />
      </list>
    </option>
  </component>
  <component name="JsBuildToolGruntFileManager" detection-done="true" sorting="DEFINITION_ORDER" />
  <component name="JsBuildToolPackageJson" detection-done="true" sorting="DEFINITION_ORDER" />
  <component name="JsGulpfileManager">
    <detection-done>true</detection-done>
    <sorting>DEFINITION_ORDER</sorting>
  </component>
  <component name="ProjectFrameBounds">
    <option name="y" value="23" />
    <option name="width" value="1280" />
    <option name="height" value="747" />
  </component>
  <component name="ProjectLevelVcsManager" settingsEditedManually="false">
    <OptionsSetting value="true" id="Add" />
    <OptionsSetting value="true" id="Remove" />
    <OptionsSetting value="true" id="Checkout" />
    <OptionsSetting value="true" id="Update" />
    <OptionsSetting value="true" id="Status" />
    <OptionsSetting value="true" id="Edit" />
    <ConfirmationsSetting value="0" id="Add" />
    <ConfirmationsSetting value="0" id="Remove" />
  </component>
  <component name="ProjectView">
    <navigator currentView="ProjectPane" proportions="" version="1">
      <flattenPackages />
      <showMembers />
      <showModules />
      <showLibraryContents />
      <hideEmptyPackages />
      <abbreviatePackageNames />
      <autoscrollToSource />
      <autoscrollFromSource />
      <sortByType />
      <manualOrder />
      <foldersAlwaysOnTop value="true" />
    </navigator>
    <panes>
      <pane id="ProjectPane">
        <subPane>
          <PATH>
            <PATH_ELEMENT>
              <option name="myItemId" value="trunk" />
              <option name="myItemType" value="com.jetbrains.cidr.projectView.CidrFilesViewHelper$MyProjectTreeStructure$1" />
            </PATH_ELEMENT>
          </PATH>
          <PATH>
            <PATH_ELEMENT>
              <option name="myItemId" value="trunk" />
              <option name="myItemType" value="com.jetbrains.cidr.projectView.CidrFilesViewHelper$MyProjectTreeStructure$1" />
            </PATH_ELEMENT>
            <PATH_ELEMENT>
              <option name="myItemId" value="trunk" />
              <option name="myItemType" value="com.intellij.ide.projectView.impl.nodes.PsiDirectoryNode" />
            </PATH_ELEMENT>
          </PATH>
          <PATH>
            <PATH_ELEMENT>
              <option name="myItemId" value="trunk" />
              <option name="myItemType" value="com.jetbrains.cidr.projectView.CidrFilesViewHelper$MyProjectTreeStructure$1" />
            </PATH_ELEMENT>
            <PATH_ELEMENT>
              <option name="myItemId" value="trunk" />
              <option name="myItemType" value="com.intellij.ide.projectView.impl.nodes.PsiDirectoryNode" />
            </PATH_ELEMENT>
            <PATH_ELEMENT>
              <option name="myItemId" value="src" />
              <option name="myItemType" value="com.intellij.ide.projectView.impl.nodes.PsiDirectoryNode" />
            </PATH_ELEMENT>
          </PATH>
        </subPane>
      </pane>
    </panes>
  </component>
  <component name="PropertiesComponent">
    <property name="WebServerToolWindowFactoryState" value="false" />
    <property name="settings.editor.selected.configurable" value="diff.base" />
    <property name="settings.editor.splitter.proportion" value="0.2" />
  </component>
  <component name="RunManager" selected="Application.exiv2">
    <configuration default="true" type="CMakeRunConfiguration" factoryName="Application" PASS_PARENT_ENVS_2="true" PROJECT_NAME="exiv2" TARGET_NAME="exiv2" CONFIG_NAME="Debug">
      <envs />
      <method />
    </configuration>
    <configuration default="false" name="Build All" type="CMakeRunConfiguration" factoryName="Application" PASS_PARENT_ENVS_2="true" CONFIG_NAME="Debug" EXPLICIT_BUILD_TARGET_NAME="all">
      <envs />
      <method />
    </configuration>
    <configuration default="false" name="exiv2" type="CMakeRunConfiguration" factoryName="Application" PASS_PARENT_ENVS_2="true" PROJECT_NAME="exiv2" TARGET_NAME="exiv2" CONFIG_NAME="Debug" RUN_TARGET_PROJECT_NAME="exiv2" RUN_TARGET_NAME="exiv2">
      <envs />
      <method />
    </configuration>
    <configuration default="false" name="doc" type="CMakeRunConfiguration" factoryName="Application" PASS_PARENT_ENVS_2="true" PROJECT_NAME="exiv2" TARGET_NAME="doc" CONFIG_NAME="Debug">
      <envs />
      <method />
    </configuration>
    <configuration default="false" name="teste" type="CMakeRunConfiguration" factoryName="Application" PASS_PARENT_ENVS_2="true" PROJECT_NAME="exiv2" TARGET_NAME="teste" CONFIG_NAME="Debug">
      <envs />
      <method />
    </configuration>
    <configuration default="false" name="tests" type="CMakeRunConfiguration" factoryName="Application" PASS_PARENT_ENVS_2="true" PROJECT_NAME="exiv2" TARGET_NAME="tests" CONFIG_NAME="Debug">
      <envs />
      <method />
    </configuration>
    <configuration default="false" name="testv" type="CMakeRunConfiguration" factoryName="Application" PASS_PARENT_ENVS_2="true" PROJECT_NAME="exiv2" TARGET_NAME="testv" CONFIG_NAME="Debug">
      <envs />
      <method />
    </configuration>
    <configuration default="false" name="testvw" type="CMakeRunConfiguration" factoryName="Application" PASS_PARENT_ENVS_2="true" PROJECT_NAME="exiv2" TARGET_NAME="testvw" CONFIG_NAME="Debug">
      <envs />
      <method />
    </configuration>
    <configuration default="false" name="testx" type="CMakeRunConfiguration" factoryName="Application" PASS_PARENT_ENVS_2="true" PROJECT_NAME="exiv2" TARGET_NAME="testx" CONFIG_NAME="Debug">
      <envs />
      <method />
    </configuration>
    <configuration default="false" name="uninstall" type="CMakeRunConfiguration" factoryName="Application" PASS_PARENT_ENVS_2="true" PROJECT_NAME="exiv2" TARGET_NAME="uninstall" CONFIG_NAME="Debug">
      <envs />
      <method />
    </configuration>
    <configuration default="false" name="addmoddel" type="CMakeRunConfiguration" factoryName="Application" PASS_PARENT_ENVS_2="true" PROJECT_NAME="exiv2" TARGET_NAME="addmoddel" CONFIG_NAME="Debug" RUN_TARGET_PROJECT_NAME="exiv2" RUN_TARGET_NAME="addmoddel">
      <envs />
      <method />
    </configuration>
    <configuration default="false" name="convert-test" type="CMakeRunConfiguration" factoryName="Application" PASS_PARENT_ENVS_2="true" PROJECT_NAME="exiv2" TARGET_NAME="convert-test" CONFIG_NAME="Debug" RUN_TARGET_PROJECT_NAME="exiv2" RUN_TARGET_NAME="convert-test">
      <envs />
      <method />
    </configuration>
    <configuration default="false" name="easyaccess-test" type="CMakeRunConfiguration" factoryName="Application" PASS_PARENT_ENVS_2="true" PROJECT_NAME="exiv2" TARGET_NAME="easyaccess-test" CONFIG_NAME="Debug" RUN_TARGET_PROJECT_NAME="exiv2" RUN_TARGET_NAME="easyaccess-test">
      <envs />
      <method />
    </configuration>
    <configuration default="false" name="exifcomment" type="CMakeRunConfiguration" factoryName="Application" PASS_PARENT_ENVS_2="true" PROJECT_NAME="exiv2" TARGET_NAME="exifcomment" CONFIG_NAME="Debug" RUN_TARGET_PROJECT_NAME="exiv2" RUN_TARGET_NAME="exifcomment">
      <envs />
      <method />
    </configuration>
    <configuration default="false" name="exifdata" type="CMakeRunConfiguration" factoryName="Application" PASS_PARENT_ENVS_2="true" PROJECT_NAME="exiv2" TARGET_NAME="exifdata" CONFIG_NAME="Debug" RUN_TARGET_PROJECT_NAME="exiv2" RUN_TARGET_NAME="exifdata">
      <envs />
      <method />
    </configuration>
    <configuration default="false" name="exifdata-test" type="CMakeRunConfiguration" factoryName="Application" PASS_PARENT_ENVS_2="true" PROJECT_NAME="exiv2" TARGET_NAME="exifdata-test" CONFIG_NAME="Debug" RUN_TARGET_PROJECT_NAME="exiv2" RUN_TARGET_NAME="exifdata-test">
      <envs />
      <method />
    </configuration>
    <configuration default="false" name="exifprint" type="CMakeRunConfiguration" factoryName="Application" PASS_PARENT_ENVS_2="true" PROJECT_NAME="exiv2" TARGET_NAME="exifprint" CONFIG_NAME="Debug" RUN_TARGET_PROJECT_NAME="exiv2" RUN_TARGET_NAME="exifprint">
      <envs />
      <method />
    </configuration>
    <configuration default="false" name="exifvalue" type="CMakeRunConfiguration" factoryName="Application" PASS_PARENT_ENVS_2="true" PROJECT_NAME="exiv2" TARGET_NAME="exifvalue" CONFIG_NAME="Debug" RUN_TARGET_PROJECT_NAME="exiv2" RUN_TARGET_NAME="exifvalue">
      <envs />
      <method />
    </configuration>
    <configuration default="false" name="exiv2json" type="CMakeRunConfiguration" factoryName="Application" PASS_PARENT_ENVS_2="true" PROJECT_NAME="exiv2" TARGET_NAME="exiv2json" CONFIG_NAME="Debug" RUN_TARGET_PROJECT_NAME="exiv2" RUN_TARGET_NAME="exiv2json">
      <envs />
      <method />
    </configuration>
    <configuration default="false" name="geotag" type="CMakeRunConfiguration" factoryName="Application" PASS_PARENT_ENVS_2="true" PROJECT_NAME="exiv2" TARGET_NAME="geotag" CONFIG_NAME="Debug" RUN_TARGET_PROJECT_NAME="exiv2" RUN_TARGET_NAME="geotag">
      <envs />
      <method />
    </configuration>
    <configuration default="false" name="ini-test" type="CMakeRunConfiguration" factoryName="Application" PASS_PARENT_ENVS_2="true" PROJECT_NAME="exiv2" TARGET_NAME="ini-test" CONFIG_NAME="Debug" RUN_TARGET_PROJECT_NAME="exiv2" RUN_TARGET_NAME="ini-test">
      <envs />
      <method />
    </configuration>
    <configuration default="false" name="iotest" type="CMakeRunConfiguration" factoryName="Application" PASS_PARENT_ENVS_2="true" PROJECT_NAME="exiv2" TARGET_NAME="iotest" CONFIG_NAME="Debug" RUN_TARGET_PROJECT_NAME="exiv2" RUN_TARGET_NAME="iotest">
      <envs />
      <method />
    </configuration>
    <configuration default="false" name="iptceasy" type="CMakeRunConfiguration" factoryName="Application" PASS_PARENT_ENVS_2="true" PROJECT_NAME="exiv2" TARGET_NAME="iptceasy" CONFIG_NAME="Debug" RUN_TARGET_PROJECT_NAME="exiv2" RUN_TARGET_NAME="iptceasy">
      <envs />
      <method />
    </configuration>
    <configuration default="false" name="iptcprint" type="CMakeRunConfiguration" factoryName="Application" PASS_PARENT_ENVS_2="true" PROJECT_NAME="exiv2" TARGET_NAME="iptcprint" CONFIG_NAME="Debug" RUN_TARGET_PROJECT_NAME="exiv2" RUN_TARGET_NAME="iptcprint">
      <envs />
      <method />
    </configuration>
    <configuration default="false" name="iptctest" type="CMakeRunConfiguration" factoryName="Application" PASS_PARENT_ENVS_2="true" PROJECT_NAME="exiv2" TARGET_NAME="iptctest" CONFIG_NAME="Debug" RUN_TARGET_PROJECT_NAME="exiv2" RUN_TARGET_NAME="iptctest">
      <envs />
      <method />
    </configuration>
    <configuration default="false" name="key-test" type="CMakeRunConfiguration" factoryName="Application" PASS_PARENT_ENVS_2="true" PROJECT_NAME="exiv2" TARGET_NAME="key-test" CONFIG_NAME="Debug" RUN_TARGET_PROJECT_NAME="exiv2" RUN_TARGET_NAME="key-test">
      <envs />
      <method />
    </configuration>
    <configuration default="false" name="largeiptc-test" type="CMakeRunConfiguration" factoryName="Application" PASS_PARENT_ENVS_2="true" PROJECT_NAME="exiv2" TARGET_NAME="largeiptc-test" CONFIG_NAME="Debug" RUN_TARGET_PROJECT_NAME="exiv2" RUN_TARGET_NAME="largeiptc-test">
      <envs />
      <method />
    </configuration>
    <configuration default="false" name="metacopy" type="CMakeRunConfiguration" factoryName="Application" PASS_PARENT_ENVS_2="true" PROJECT_NAME="exiv2" TARGET_NAME="metacopy" CONFIG_NAME="Debug" RUN_TARGET_PROJECT_NAME="exiv2" RUN_TARGET_NAME="metacopy">
      <envs />
      <method />
    </configuration>
    <configuration default="false" name="mmap-test" type="CMakeRunConfiguration" factoryName="Application" PASS_PARENT_ENVS_2="true" PROJECT_NAME="exiv2" TARGET_NAME="mmap-test" CONFIG_NAME="Debug" RUN_TARGET_PROJECT_NAME="exiv2" RUN_TARGET_NAME="mmap-test">
      <envs />
      <method />
    </configuration>
    <configuration default="false" name="pathtest" type="CMakeRunConfiguration" factoryName="Application" PASS_PARENT_ENVS_2="true" PROJECT_NAME="exiv2" TARGET_NAME="pathtest" CONFIG_NAME="Debug" RUN_TARGET_PROJECT_NAME="exiv2" RUN_TARGET_NAME="pathtest">
      <envs />
      <method />
    </configuration>
    <configuration default="false" name="prevtest" type="CMakeRunConfiguration" factoryName="Application" PASS_PARENT_ENVS_2="true" PROJECT_NAME="exiv2" TARGET_NAME="prevtest" CONFIG_NAME="Debug" RUN_TARGET_PROJECT_NAME="exiv2" RUN_TARGET_NAME="prevtest">
      <envs />
      <method />
    </configuration>
    <configuration default="false" name="stringto-test" type="CMakeRunConfiguration" factoryName="Application" PASS_PARENT_ENVS_2="true" PROJECT_NAME="exiv2" TARGET_NAME="stringto-test" CONFIG_NAME="Debug" RUN_TARGET_PROJECT_NAME="exiv2" RUN_TARGET_NAME="stringto-test">
      <envs />
      <method />
    </configuration>
    <configuration default="false" name="taglist" type="CMakeRunConfiguration" factoryName="Application" PASS_PARENT_ENVS_2="true" PROJECT_NAME="exiv2" TARGET_NAME="taglist" CONFIG_NAME="Debug" RUN_TARGET_PROJECT_NAME="exiv2" RUN_TARGET_NAME="taglist">
      <envs />
      <method />
    </configuration>
    <configuration default="false" name="tiff-test" type="CMakeRunConfiguration" factoryName="Application" PASS_PARENT_ENVS_2="true" PROJECT_NAME="exiv2" TARGET_NAME="tiff-test" CONFIG_NAME="Debug" RUN_TARGET_PROJECT_NAME="exiv2" RUN_TARGET_NAME="tiff-test">
      <envs />
      <method />
    </configuration>
    <configuration default="false" name="werror-test" type="CMakeRunConfiguration" factoryName="Application" PASS_PARENT_ENVS_2="true" PROJECT_NAME="exiv2" TARGET_NAME="werror-test" CONFIG_NAME="Debug" RUN_TARGET_PROJECT_NAME="exiv2" RUN_TARGET_NAME="werror-test">
      <envs />
      <method />
    </configuration>
    <configuration default="false" name="write-test" type="CMakeRunConfiguration" factoryName="Application" PASS_PARENT_ENVS_2="true" PROJECT_NAME="exiv2" TARGET_NAME="write-test" CONFIG_NAME="Debug" RUN_TARGET_PROJECT_NAME="exiv2" RUN_TARGET_NAME="write-test">
      <envs />
      <method />
    </configuration>
    <configuration default="false" name="write2-test" type="CMakeRunConfiguration" factoryName="Application" PASS_PARENT_ENVS_2="true" PROJECT_NAME="exiv2" TARGET_NAME="write2-test" CONFIG_NAME="Debug" RUN_TARGET_PROJECT_NAME="exiv2" RUN_TARGET_NAME="write2-test">
      <envs />
      <method />
    </configuration>
    <configuration default="false" name="xmpparse" type="CMakeRunConfiguration" factoryName="Application" PASS_PARENT_ENVS_2="true" PROJECT_NAME="exiv2" TARGET_NAME="xmpparse" CONFIG_NAME="Debug" RUN_TARGET_PROJECT_NAME="exiv2" RUN_TARGET_NAME="xmpparse">
      <envs />
      <method />
    </configuration>
    <configuration default="false" name="xmpparser-test" type="CMakeRunConfiguration" factoryName="Application" PASS_PARENT_ENVS_2="true" PROJECT_NAME="exiv2" TARGET_NAME="xmpparser-test" CONFIG_NAME="Debug" RUN_TARGET_PROJECT_NAME="exiv2" RUN_TARGET_NAME="xmpparser-test">
      <envs />
      <method />
    </configuration>
    <configuration default="false" name="xmpsample" type="CMakeRunConfiguration" factoryName="Application" PASS_PARENT_ENVS_2="true" PROJECT_NAME="exiv2" TARGET_NAME="xmpsample" CONFIG_NAME="Debug" RUN_TARGET_PROJECT_NAME="exiv2" RUN_TARGET_NAME="xmpsample">
      <envs />
      <method />
    </configuration>
    <configuration default="false" name="conntest" type="CMakeRunConfiguration" factoryName="Application" PASS_PARENT_ENVS_2="true" PROJECT_NAME="exiv2" TARGET_NAME="conntest" CONFIG_NAME="Debug" RUN_TARGET_PROJECT_NAME="exiv2" RUN_TARGET_NAME="conntest">
      <envs />
      <method />
    </configuration>
    <configuration default="false" name="exiv2lib" type="CMakeRunConfiguration" factoryName="Application" PASS_PARENT_ENVS_2="true" PROJECT_NAME="exiv2" TARGET_NAME="exiv2lib" CONFIG_NAME="Debug">
      <envs />
      <method />
    </configuration>
    <configuration default="false" name="remotetest" type="CMakeRunConfiguration" factoryName="Application" PASS_PARENT_ENVS_2="true" PROJECT_NAME="exiv2" TARGET_NAME="remotetest" CONFIG_NAME="Debug" RUN_TARGET_PROJECT_NAME="exiv2" RUN_TARGET_NAME="remotetest">
      <envs />
      <method />
    </configuration>
    <configuration default="false" name="xmp" type="CMakeRunConfiguration" factoryName="Application" PASS_PARENT_ENVS_2="true" PROJECT_NAME="exiv2" TARGET_NAME="xmp" CONFIG_NAME="Debug">
      <envs />
      <method />
    </configuration>
    <list size="43">
      <item index="0" class="java.lang.String" itemvalue="Application.Build All" />
      <item index="1" class="java.lang.String" itemvalue="Application.exiv2" />
      <item index="2" class="java.lang.String" itemvalue="Application.doc" />
      <item index="3" class="java.lang.String" itemvalue="Application.teste" />
      <item index="4" class="java.lang.String" itemvalue="Application.tests" />
      <item index="5" class="java.lang.String" itemvalue="Application.testv" />
      <item index="6" class="java.lang.String" itemvalue="Application.testvw" />
      <item index="7" class="java.lang.String" itemvalue="Application.testx" />
      <item index="8" class="java.lang.String" itemvalue="Application.uninstall" />
      <item index="9" class="java.lang.String" itemvalue="Application.addmoddel" />
      <item index="10" class="java.lang.String" itemvalue="Application.convert-test" />
      <item index="11" class="java.lang.String" itemvalue="Application.easyaccess-test" />
      <item index="12" class="java.lang.String" itemvalue="Application.exifcomment" />
      <item index="13" class="java.lang.String" itemvalue="Application.exifdata" />
      <item index="14" class="java.lang.String" itemvalue="Application.exifdata-test" />
      <item index="15" class="java.lang.String" itemvalue="Application.exifprint" />
      <item index="16" class="java.lang.String" itemvalue="Application.exifvalue" />
      <item index="17" class="java.lang.String" itemvalue="Application.exiv2json" />
      <item index="18" class="java.lang.String" itemvalue="Application.geotag" />
      <item index="19" class="java.lang.String" itemvalue="Application.ini-test" />
      <item index="20" class="java.lang.String" itemvalue="Application.iotest" />
      <item index="21" class="java.lang.String" itemvalue="Application.iptceasy" />
      <item index="22" class="java.lang.String" itemvalue="Application.iptcprint" />
      <item index="23" class="java.lang.String" itemvalue="Application.iptctest" />
      <item index="24" class="java.lang.String" itemvalue="Application.key-test" />
      <item index="25" class="java.lang.String" itemvalue="Application.largeiptc-test" />
      <item index="26" class="java.lang.String" itemvalue="Application.metacopy" />
      <item index="27" class="java.lang.String" itemvalue="Application.mmap-test" />
      <item index="28" class="java.lang.String" itemvalue="Application.pathtest" />
      <item index="29" class="java.lang.String" itemvalue="Application.prevtest" />
      <item index="30" class="java.lang.String" itemvalue="Application.stringto-test" />
      <item index="31" class="java.lang.String" itemvalue="Application.taglist" />
      <item index="32" class="java.lang.String" itemvalue="Application.tiff-test" />
      <item index="33" class="java.lang.String" itemvalue="Application.werror-test" />
      <item index="34" class="java.lang.String" itemvalue="Application.write-test" />
      <item index="35" class="java.lang.String" itemvalue="Application.write2-test" />
      <item index="36" class="java.lang.String" itemvalue="Application.xmpparse" />
      <item index="37" class="java.lang.String" itemvalue="Application.xmpparser-test" />
      <item index="38" class="java.lang.String" itemvalue="Application.xmpsample" />
      <item index="39" class="java.lang.String" itemvalue="Application.conntest" />
      <item index="40" class="java.lang.String" itemvalue="Application.exiv2lib" />
      <item index="41" class="java.lang.String" itemvalue="Application.remotetest" />
      <item index="42" class="java.lang.String" itemvalue="Application.xmp" />
    </list>
  </component>
  <component name="ShelveChangesManager" show_recycled="false">
    <option name="remove_strategy" value="false" />
  </component>
  <component name="SvnConfiguration" cleanupOnStartRun="true">
    <configuration>$USER_HOME$/.subversion</configuration>
  </component>
  <component name="SvnFileUrlMappingImpl">
    <option name="myMappingRoots">
      <list>
        <SvnCopyRootSimple>
          <option name="myVcsRoot" value="$PROJECT_DIR$" />
          <option name="myCopyRoot" value="$PROJECT_DIR$" />
        </SvnCopyRootSimple>
        <SvnCopyRootSimple>
          <option name="myVcsRoot" value="$PROJECT_DIR$" />
          <option name="myCopyRoot" value="$PROJECT_DIR$/samples/exiv2" />
        </SvnCopyRootSimple>
      </list>
    </option>
    <option name="myMoreRealMappingRoots">
      <list>
        <SvnCopyRootSimple>
          <option name="myVcsRoot" value="$PROJECT_DIR$" />
          <option name="myCopyRoot" value="$PROJECT_DIR$" />
        </SvnCopyRootSimple>
        <SvnCopyRootSimple>
          <option name="myVcsRoot" value="$PROJECT_DIR$" />
          <option name="myCopyRoot" value="$PROJECT_DIR$/samples/exiv2" />
        </SvnCopyRootSimple>
      </list>
    </option>
  </component>
  <component name="TaskManager">
    <task active="true" id="Default" summary="Default task">
      <changelist id="2877902e-8cdd-4b5b-b735-13e43d4df391" name="Default" comment="" />
      <created>1472042307352</created>
      <option name="number" value="Default" />
      <option name="presentableId" value="Default" />
      <updated>1472042307352</updated>
      <workItem from="1472042311094" duration="391000" />
      <workItem from="1472043330231" duration="32000" />
      <workItem from="1472044300383" duration="68000" />
      <workItem from="1472059422275" duration="1634000" />
    </task>
    <servers />
  </component>
  <component name="TimeTrackingManager">
    <option name="totallyTimeSpent" value="2125000" />
  </component>
  <component name="TodoView">
    <todo-panel id="selected-file">
      <is-autoscroll-to-source value="true" />
    </todo-panel>
    <todo-panel id="all">
      <are-packages-shown value="true" />
      <is-autoscroll-to-source value="true" />
    </todo-panel>
  </component>
  <component name="ToolWindowManager">
    <frame x="0" y="23" width="1280" height="747" extended-state="6" />
    <editor active="false" />
    <layout>
      <window_info id="Project" active="false" anchor="left" auto_hide="false" internal_type="DOCKED" type="DOCKED" visible="true" show_stripe_button="true" weight="0.27799842" sideWeight="0.48104265" order="0" side_tool="false" content_ui="tabs" />
      <window_info id="TODO" active="false" anchor="bottom" auto_hide="false" internal_type="DOCKED" type="DOCKED" visible="false" show_stripe_button="true" weight="0.3290938" sideWeight="0.5" order="6" side_tool="false" content_ui="tabs" />
      <window_info id="Messages" active="false" anchor="bottom" auto_hide="false" internal_type="DOCKED" type="DOCKED" visible="false" show_stripe_button="true" weight="0.48966613" sideWeight="0.5" order="7" side_tool="false" content_ui="tabs" />
      <window_info id="CMake" active="false" anchor="bottom" auto_hide="false" internal_type="DOCKED" type="DOCKED" visible="false" show_stripe_button="true" weight="0.3290938" sideWeight="0.5" order="7" side_tool="false" content_ui="tabs" />
      <window_info id="Event Log" active="false" anchor="bottom" auto_hide="false" internal_type="DOCKED" type="DOCKED" visible="false" show_stripe_button="true" weight="0.33" sideWeight="0.5" order="7" side_tool="true" content_ui="tabs" />
      <window_info id="Find" active="false" anchor="bottom" auto_hide="false" internal_type="DOCKED" type="DOCKED" visible="false" show_stripe_button="true" weight="0.33" sideWeight="0.5" order="1" side_tool="false" content_ui="tabs" />
      <window_info id="Version Control" active="false" anchor="bottom" auto_hide="false" internal_type="DOCKED" type="DOCKED" visible="false" show_stripe_button="true" weight="0.3290938" sideWeight="0.5" order="7" side_tool="false" content_ui="tabs" />
      <window_info id="Run" active="false" anchor="bottom" auto_hide="false" internal_type="DOCKED" type="DOCKED" visible="false" show_stripe_button="true" weight="0.33" sideWeight="0.5" order="2" side_tool="false" content_ui="tabs" />
      <window_info id="Structure" active="false" anchor="left" auto_hide="false" internal_type="DOCKED" type="DOCKED" visible="false" show_stripe_button="true" weight="0.2494043" sideWeight="0.47883597" order="1" side_tool="false" content_ui="tabs" />
      <window_info id="Terminal" active="true" anchor="bottom" auto_hide="false" internal_type="DOCKED" type="DOCKED" visible="true" show_stripe_button="true" weight="0.3290938" sideWeight="0.5" order="7" side_tool="false" content_ui="tabs" />
      <window_info id="Favorites" active="false" anchor="left" auto_hide="false" internal_type="DOCKED" type="DOCKED" visible="true" show_stripe_button="true" weight="0.27799842" sideWeight="0.5189573" order="2" side_tool="true" content_ui="tabs" />
      <window_info id="Debug" active="false" anchor="bottom" auto_hide="false" internal_type="DOCKED" type="DOCKED" visible="false" show_stripe_button="true" weight="0.3990461" sideWeight="0.5" order="3" side_tool="false" content_ui="tabs" />
      <window_info id="Cvs" active="false" anchor="bottom" auto_hide="false" internal_type="DOCKED" type="DOCKED" visible="false" show_stripe_button="true" weight="0.25" sideWeight="0.5" order="4" side_tool="false" content_ui="tabs" />
      <window_info id="Message" active="false" anchor="bottom" auto_hide="false" internal_type="DOCKED" type="DOCKED" visible="false" show_stripe_button="true" weight="0.33" sideWeight="0.5" order="0" side_tool="false" content_ui="tabs" />
      <window_info id="Commander" active="false" anchor="right" auto_hide="false" internal_type="SLIDING" type="SLIDING" visible="false" show_stripe_button="true" weight="0.4" sideWeight="0.5" order="0" side_tool="false" content_ui="tabs" />
      <window_info id="Inspection" active="false" anchor="bottom" auto_hide="false" internal_type="DOCKED" type="DOCKED" visible="false" show_stripe_button="true" weight="0.4" sideWeight="0.5" order="5" side_tool="false" content_ui="tabs" />
      <window_info id="Hierarchy" active="false" anchor="right" auto_hide="false" internal_type="DOCKED" type="DOCKED" visible="false" show_stripe_button="true" weight="0.25" sideWeight="0.5" order="2" side_tool="false" content_ui="combo" />
      <window_info id="Ant Build" active="false" anchor="right" auto_hide="false" internal_type="DOCKED" type="DOCKED" visible="false" show_stripe_button="true" weight="0.25" sideWeight="0.5" order="1" side_tool="false" content_ui="tabs" />
    </layout>
  </component>
  <component name="Vcs.Log.UiProperties">
    <option name="RECENTLY_FILTERED_USER_GROUPS">
      <collection />
    </option>
    <option name="RECENTLY_FILTERED_BRANCH_GROUPS">
      <collection />
    </option>
  </component>
  <component name="VcsContentAnnotationSettings">
    <option name="myLimit" value="2678400000" />
  </component>
  <component name="XDebuggerManager">
    <breakpoint-manager>
      <breakpoints>
        <line-breakpoint enabled="true" type="com.jetbrains.cidr.execution.debugger.OCBreakpointType">
          <url>file://$PROJECT_DIR$/src/exiv2.cpp</url>
          <line>139</line>
        </line-breakpoint>
      </breakpoints>
      <option name="time" value="1" />
    </breakpoint-manager>
    <watches-manager />
  </component>
  <component name="editorHistoryManager">
    <entry file="file://$PROJECT_DIR$/CMakeLists.txt">
      <provider selected="true" editor-type-id="text-editor">
        <state relative-caret-position="0">
          <caret line="0" column="0" selection-start-line="0" selection-start-column="0" selection-end-line="0" selection-end-column="0" />
          <folding />
        </state>
      </provider>
    </entry>
    <entry file="file://$PROJECT_DIR$/CMakeLists.txt">
      <provider selected="true" editor-type-id="text-editor">
        <state relative-caret-position="0">
          <caret line="0" column="0" selection-start-line="0" selection-start-column="0" selection-end-line="0" selection-end-column="0" />
          <folding />
        </state>
      </provider>
    </entry>
    <entry file="file://$PROJECT_DIR$/main.cpp" />
    <entry file="file://$PROJECT_DIR$/CMakeLists.txt">
      <provider selected="true" editor-type-id="text-editor">
        <state relative-caret-position="120">
          <caret line="8" column="0" selection-start-line="8" selection-start-column="0" selection-end-line="8" selection-end-column="0" />
          <folding />
        </state>
      </provider>
    </entry>
    <entry file="file://$PROJECT_DIR$/src/actions.cpp">
      <provider selected="true" editor-type-id="text-editor">
        <state relative-caret-position="-2445">
          <caret line="0" column="0" selection-start-line="0" selection-start-column="0" selection-end-line="0" selection-end-column="0" />
          <folding />
        </state>
      </provider>
    </entry>
    <entry file="file://$PROJECT_DIR$/src/webpimage.cpp">
      <provider selected="true" editor-type-id="text-editor">
        <state relative-caret-position="-7279">
          <caret line="70" column="15" selection-start-line="70" selection-start-column="15" selection-end-line="70" selection-end-column="15" />
          <folding />
        </state>
      </provider>
    </entry>
    <entry file="file://$PROJECT_DIR$/src/utils.hpp">
      <provider selected="true" editor-type-id="text-editor">
        <state relative-caret-position="116">
          <caret line="29" column="8" selection-start-line="29" selection-start-column="8" selection-end-line="29" selection-end-column="8" />
          <folding />
        </state>
      </provider>
    </entry>
    <entry file="file://$PROJECT_DIR$/src/exiv2.cpp">
      <provider selected="true" editor-type-id="text-editor">
        <state relative-caret-position="107">
          <caret line="962" column="0" selection-start-line="962" selection-start-column="0" selection-end-line="962" selection-end-column="0" />
          <folding />
        </state>
      </provider>
    </entry>
  </component>
</project>